{
  "CreatedBy": "chau on desktop",
  "CustomerName": "St Barbabra",
  "PhoneNumber": "7143336034",
  "PickupDate": "1/13/2022 12:00:00 AM",
  "InvoiceType": "Simple",
  "InvoiceNumber": "112",
  "InvoiceDate": "1/12/2022",
  "Status": "Not_Pickup, Unpaid",
  "OrderSaleItems": [
    {
      "Index": "1",
      "PickupDate": "1/13/2022",
      "PickedUp": "no",
      "OrderNumber": "#1",
      "SaleItem": "Dưa Món chai nhỏ thùng (12 chai)",
      "Quantity": "24",
      "UnitPrice": "$ 70.00",
      "Discount": "$ 0.00",
      "SubTotal": "$ 1,680.00"
    }
  ],
  "InvoiceOrders": null,
  "Notes": "",
  "GrandTotal": "$ 1,680.00",
  "AlreadyPaid": "$ 0.00",
  "AlreadyPaidByCheck": "$ 0.00",
  "CheckNumber": "",
  "RemainBalance": "$ 1,680.00",
  "LastUpdateBy": "chau",
  "LastUpdateOn": "01/12 21:55"
}