{
  "CreatedBy": "chau on desktop",
  "CustomerName": "Hoàng",
  "PhoneNumber": "7145454545",
  "PickupDate": "1/6/2022 12:00:00 AM",
  "InvoiceType": "Simple",
  "InvoiceNumber": "102",
  "InvoiceDate": "12/30/2021",
  "Status": "Partial_Pickup, Partial_Paid",
  "OrderSaleItems": [
    {
      "Index": "1",
      "PickupDate": "1/6/2022",
      "PickedUp": "no",
      "OrderNumber": "#1",
      "SaleItem": "Bánh Chưng (Bán Sỉ)",
      "Quantity": "2",
      "UnitPrice": "$ 16.00",
      "Discount": "$ 0.00",
      "SubTotal": "$ 32.00"
    },
    {
      "Index": "2",
      "PickupDate": "1/6/2022",
      "PickedUp": "yes",
      "OrderNumber": "#1",
      "SaleItem": "Rượu Lễ Thùng (12 chai)",
      "Quantity": "1",
      "UnitPrice": "$ 100.00",
      "Discount": "$ 0.00",
      "SubTotal": "$ 100.00"
    },
    {
      "Index": "3",
      "PickupDate": "1/6/2022",
      "PickedUp": "yes",
      "OrderNumber": "#1",
      "SaleItem": "Chau Nguyen",
      "Quantity": "2",
      "UnitPrice": "$ 10.00",
      "Discount": "$ 0.00",
      "SubTotal": "$ 20.00"
    },
    {
      "Index": "4",
      "PickupDate": "1/6/2022",
      "PickedUp": "no",
      "OrderNumber": "#1",
      "SaleItem": "Bánh Tét",
      "Quantity": "1",
      "UnitPrice": "$ 20.00",
      "Discount": "$ 0.00",
      "SubTotal": "$ 20.00"
    }
  ],
  "InvoiceOrders": null,
  "Notes": "",
  "GrandTotal": "$ 172.00",
  "AlreadyPaid": "$ 0.00",
  "AlreadyPaidByCheck": "$ 10.00",
  "CheckNumber": "123",
  "RemainBalance": "$ 162.00",
  "LastUpdateBy": "chau",
  "LastUpdateOn": "12/31 08:04"
}