{
  "CreatedBy": "chau on mobile",
  "CustomerName": "Bác vinh",
  "PhoneNumber": "7149999999",
  "PickupDate": "1/10/2022 12:00:00 AM",
  "InvoiceType": "Simple",
  "InvoiceNumber": "105",
  "InvoiceDate": "1/4/2022",
  "Status": "Not_Pickup, Unpaid",
  "OrderSaleItems": [
    {
      "Index": "1",
      "PickupDate": "1/10/2022",
      "PickedUp": "no",
      "OrderNumber": "#1",
      "SaleItem": "Bánh Chưng",
      "Quantity": "4",
      "UnitPrice": "$ 20.00",
      "Discount": "$ 0.00",
      "SubTotal": "$ 80.00"
    },
    {
      "Index": "2",
      "PickupDate": "1/10/2022",
      "PickedUp": "no",
      "OrderNumber": "#1",
      "SaleItem": "Bánh Tét",
      "Quantity": "12",
      "UnitPrice": "$ 20.00",
      "Discount": "$ 0.00",
      "SubTotal": "$ 240.00"
    }
  ],
  "InvoiceOrders": null,
  "Notes": "Pay deposit later",
  "GrandTotal": "$ 320.00",
  "AlreadyPaid": "$ 0.00",
  "AlreadyPaidByCheck": null,
  "CheckNumber": null,
  "RemainBalance": "$ 320.00",
  "LastUpdateBy": "chau",
  "LastUpdateOn": "01/04 14:01"
}