{
  "CreatedBy": "jacey2 on desktop",
  "CustomerName": "Chi Vui",
  "PhoneNumber": "7147228593",
  "PickupDate": "1/10/2022 12:00:00 AM",
  "InvoiceType": "Simple",
  "InvoiceNumber": "106",
  "InvoiceDate": "1/5/2022",
  "Status": "Full_Pickup, Unpaid",
  "OrderSaleItems": [
    {
      "Index": "1",
      "PickupDate": "1/10/2022",
      "PickedUp": "yes",
      "OrderNumber": "#1",
      "SaleItem": "Bánh Chưng",
      "Quantity": "2",
      "UnitPrice": "$ 20.00",
      "Discount": "$ 0.00",
      "SubTotal": "$ 40.00"
    },
    {
      "Index": "2",
      "PickupDate": "1/10/2022",
      "PickedUp": "yes",
      "OrderNumber": "#1",
      "SaleItem": "Bánh Tét",
      "Quantity": "3",
      "UnitPrice": "$ 20.00",
      "Discount": "$ 0.00",
      "SubTotal": "$ 60.00"
    },
    {
      "Index": "3",
      "PickupDate": "1/10/2022",
      "PickedUp": "yes",
      "OrderNumber": "#1",
      "SaleItem": "Giò Luạ lớn (2lbs)",
      "Quantity": "1",
      "UnitPrice": "$ 12.00",
      "Discount": "$ 0.00",
      "SubTotal": "$ 12.00"
    }
  ],
  "InvoiceOrders": null,
  "Notes": "",
  "GrandTotal": "$ 112.00",
  "AlreadyPaid": "$ 0.00",
  "AlreadyPaidByCheck": "$ 0.00",
  "CheckNumber": "",
  "RemainBalance": "$ 112.00",
  "LastUpdateBy": "chau",
  "LastUpdateOn": "01/05 04:29"
}